{"cameraMode":{"drawMode":0,"name":"Shaded","section":"Shading Mode"},"sceneLighting":true,"audioPlay":false,"sceneViewState":{"showFog":true,"showMaterialUpdate":true,"showSkybox":true,"showFlares":true,"showImageEffects":true,"showParticleSystems":true},"in2DMode":false,"pivot":{"x":0.4671121835708618,"y":0.004666566848754883,"z":-0.5996432304382324},"rotation":{"x":-0.17236542701721192,"y":-0.3740648329257965,"z":0.07096962630748749,"w":-0.9084805250167847},"size":2.8578836917877199,"orthographic":false}